Employee_ID,First_Name,Last_Name,Job_Title,Department_Name,Hire_Date,Annual_Salary,Bonus_Weight,Exit_Date
E00001,Emily,Davis,Sr. Manger,IT,4/8/2016,141604,0.15,10/16/2021
E00002,Theodore,Dinh,Technical Architect,IT,11/29/1997,99975,0,
E00003,Luna,Sanders,Director,Finance,10/26/2006,163099,0.2,
E00004,Penelope,Jordan,Computer Systems Manager,IT,9/27/2019,84913,0.07,
E00005,Austin,Vo,Sr. Analyst,Finance,11/20/1995,95409,0,
E00006,Joshua,Gupta,Account Representative,Sales,1/24/2017,50994,0,
E00007,Ruby,Barnes,Manager,IT,7/1/2020,119746,0.1,
E00008,Luke,Martin,Analyst,Finance,5/16/2020,41336,0,5/20/2021
E00009,Easton,Bailey,Manager,Accounting,1/25/2019,,0.06,
E00010,Madeline,Walker,Sr. Analyst,Finance,6/13/2018,77203,0,
E00011,Savannah,Ali,Sr. Manger,Human Resources,2/11/2009,157333,0.15,
E00012,Camila,Rogers,Controls Engineer,Engineering,10/21/2021,,0,
E00013,Eli,Jones,Manager,Human Resources,3/14/1999,105086,0.09,
E00014,Everleigh,Ng,Sr. Manger,Finance,6/10/2021,146742,0.1,
E00015,Robert,Yang,Sr. Analyst,Accounting,11/4/2017,97078,0,3/9/2020
E00016,Isabella,Xi,Vice President,Marketing,3/13/2013,,0.3,
E00017,Bella,Powell,Director,Finance,3/4/2002,,0.2,
E00018,Camila,Silva,Sr. Manger,Marketing,12/1/2003,154828,0.13,
E00019,David,Barnes,Director,IT,11/3/2013,,0.24,
E00020,Adam,Dang,Director,Sales,7/9/2002,,0.18,
E00021,Elias,Alvarado,Sr. Manger,IT,1/9/2012,146140,0.1,
E00022,Eva,Rivera,Director,Sales,4/2/2021,151703,0.21,
E00023,Logan,Rivera,Director,IT,5/24/2002,172787,0.28,
E00024,Leonardo,Dixon,Analyst,Sales,9/5/2019,49998,0,
E00025,Mateo,Her,Vice President,Sales,3/2/2014,,0.31,
E00026,Jose,Henderson,Director,Human Resources,4/17/2015,152239,0.23,
E00027,Abigail,Mejia,Quality Engineer,Engineering,2/5/2005,98581,0,
E00028,Wyatt,Chin,Vice President,Engineering,6/7/2004,246231,0.31,
E00029,Carson,Lu,Engineering Manager,Engineering,12/4/1996,99354,0.12,
E00030,Dylan,Choi,Vice President,IT,5/11/2012,,0.34,
E00031,Ezekiel,Kumar,IT Coordinator,IT,6/25/2017,54775,0,
E00032,Dominic,Guzman,Analyst,Finance,5/16/2004,55499,0,
E00033,Angel,Powell,Analyst II,Sales,7/11/2008,66521,0,
E00034,Mateo,Vu,Account Representative,Sales,9/29/2016,59100,0,
E00035,Caroline,Jenkins,Analyst,Finance,5/6/2018,49011,0,
E00036,Nora,Brown,Enterprise Architect,IT,2/11/2014,,0,
E00037,Adeline,Huang,Controls Engineer,Engineering,12/16/2019,99989,0,
E00038,Jackson,Perry,Vice President,Marketing,10/20/2019,,0.3,
E00039,Riley,Padilla,Technical Architect,IT,5/15/2013,78940,0,
E00040,Leah,Pena,Enterprise Architect,IT,1/3/1994,82872,0,
E00041,Owen,Lam,Sr. Business Partner,Human Resources,5/29/2017,86317,0,7/16/2017
E00042,Kennedy,Foster,Manager,Marketing,11/23/2013,113135,0.05,
E00043,John,Moore,Vice President,IT,11/8/2005,,0.32,
E00044,William,Vu,Account Representative,Sales,11/14/2013,56037,0,
E00045,Sadie,Washington,Sr. Manger,Marketing,5/24/2019,122350,0.12,
E00046,Gabriel,Holmes,Enterprise Architect,IT,11/4/2010,,0,
E00047,Wyatt,Rojas,Computer Systems Manager,IT,3/20/2013,,0.05,
E00048,Eva,Coleman,Director,IT,9/20/2009,,0.2,
E00049,Dominic,Clark,Quality Engineer,Engineering,10/17/2012,,0,
E00050,Lucy,Alexander,Director,Engineering,10/29/2014,189420,0.2,
E00051,Everleigh,Washington,HRIS Analyst,Human Resources,10/20/2001,64057,0,
E00052,Leilani,Butler,Analyst II,Marketing,9/21/2021,68728,0,
E00053,Peyton,Huang,Sr. Manger,IT,7/2/2021,125633,0.11,
E00054,John,Contreras,Analyst II,Marketing,5/15/2011,66889,0,
E00055,Rylee,Yu,Director,Accounting,9/29/2015,,0.29,
E00056,Piper,Lewis,Field Engineer,Engineering,12/22/2018,,0,
E00057,Stella,Alexander,Automation Engineer,Engineering,12/10/2005,,0,
E00058,Addison,Do,Operations Engineer,Engineering,5/30/2001,90678,0,
E00059,Zoey,Jackson,Business Partner,Human Resources,8/21/2008,59067,0,
E00060,John,Chow,Sr. Manger,Marketing,3/11/2021,135062,0.15,
E00061,Ava,Ayala,Sr. Manger,IT,8/16/2006,,0.1,
E00062,Natalia,Salazar,Sr. Analyst,Accounting,1/2/2019,,0,7/8/2020
E00063,Skylar,Carrillo,Engineering Manager,Engineering,12/18/2008,,0.13,6/24/2021
E00064,Christian,Sanders,Vice President,Human Resources,8/7/2013,236946,0.37,
E00065,Penelope,Coleman,Analyst,Finance,8/27/2021,48906,0,
E00066,Piper,Richardson,Sr. Analyst,Sales,1/27/2008,80024,0,
E00067,Everly,Walker,HRIS Analyst,Human Resources,10/23/2009,,0,1/22/2014
E00068,Aurora,Ali,Manager,Marketing,4/24/2016,120341,0.07,
E00069,Penelope,Guerrero,Vice President,IT,8/4/2009,208415,0.35,
E00070,Anna,Mehta,Cloud Infrastructure Architect,IT,1/5/2020,78844,0,
E00071,William,Foster,Field Engineer,Engineering,5/23/2002,,0,9/26/2021
E00072,Jade,Rojas,Director,Finance,1/28/2019,165927,0.2,
E00073,Isla,Espinoza,Manager,Accounting,11/16/2021,109812,0.09,
E00074,David,Chu,Controls Engineer,Engineering,9/3/1998,86299,0,
E00075,Thomas,Padilla,Vice President,Marketing,7/26/2003,206624,0.4,
E00076,Miles,Salazar,IT Coordinator,IT,12/23/2010,53215,0,3/27/2014
E00077,Mila,Hong,Test Engineer,Engineering,5/22/2017,,0,10/8/2017
E00078,Benjamin,Moua,Computer Systems Manager,IT,7/2/2007,93971,0.08,
E00079,Samuel,Morales,Analyst II,Finance,6/27/2015,57008,0,
E00080,John,Soto,Sr. Manger,Finance,9/23/2015,141899,0.15,
E00081,Joseph,Martin,Analyst II,Marketing,9/13/2016,64847,0,
E00082,Jose,Ross,Engineering Manager,Engineering,4/8/1992,116878,0.11,
E00083,Parker,James,Quality Engineer,Engineering,2/5/2005,,0,
E00084,Everleigh,Fernandez,Director,Engineering,5/22/2016,,0.28,12/21/2020
E00085,Lincoln,Hall,Director,Accounting,7/28/2020,180664,0.27,
E00086,Willow,Mai,Business Partner,Human Resources,12/17/2003,48345,0,
E00087,Jack,Cheng,Director,Human Resources,1/16/2014,152214,0.3,
E00088,Genesis,Navarro,Cloud Infrastructure Architect,IT,4/28/2009,69803,0,
E00089,Eliza,Hernandez,Network Architect,IT,7/4/2019,76588,0,
E00090,Gabriel,Brooks,Network Engineer,IT,12/10/2018,84596,0,
E00091,Jack,Huynh,Manager,Marketing,9/25/2018,,0.1,12/22/2019
E00092,Everly,Chow,Sr. Manger,Finance,4/21/2018,,0.15,
E00093,Amelia,Salazar,Analyst II,Finance,4/23/2019,59817,0,
E00094,Xavier,Zheng,Account Representative,Sales,7/22/2017,55854,0,
E00095,Matthew,Chau,Sr. Business Partner,Human Resources,11/16/2002,95998,0,
E00096,Mia,Cheng,Sr. Manger,Sales,4/22/2015,,0.13,
E00097,Rylee,Yu,Vice President,Finance,7/10/2011,247022,0.3,
E00098,Zoe,Romero,Network Architect,IT,10/5/2021,88072,0,
E00099,Nolan,Bui,Computer Systems Manager,IT,5/26/2020,,0.08,
E00100,Nevaeh,Jones,Vice President,Sales,8/20/2020,219693,0.3,
E00101,Samantha,Adams,Test Engineer,Engineering,4/22/2013,61773,0,
E00102,Madeline,Shin,Computer Systems Manager,IT,1/9/2007,74546,0.09,
E00103,Noah,King,Development Engineer,Engineering,1/27/2015,62575,0,
E00104,Leilani,Chow,Director,Human Resources,2/23/2021,199041,0.16,
E00105,Connor,Simmons,Analyst II,Accounting,4/5/2007,,0,10/12/2018
E00106,Grayson,Cooper,Sr. Manger,Finance,6/29/2013,,0.1,
E00107,Ivy,Soto,Field Engineer,Engineering,10/23/1997,,0,
E00108,Aurora,Simmons,Development Engineer,Engineering,12/22/1995,96475,0,
E00109,Andrew,Thomas,Controls Engineer,Engineering,12/2/2016,113781,0,
E00110,Ezekiel,Desai,Director,Finance,1/15/2003,166599,0.26,
E00111,Gabriella,Gupta,Sr. Account Representative,Sales,2/15/2005,95372,0,
E00112,Skylar,Liu,Director,IT,8/9/2020,,0.15,
E00113,Nova,Coleman,System Administrator ,IT,12/13/2006,74738,0,
E00114,Evelyn,Dinh,Director,Sales,8/10/2018,171173,0.21,
E00115,Brooks,Marquez,Vice President,Sales,9/24/2019,201464,0.37,
E00116,Connor,Joseph,Director,Human Resources,7/22/1998,174895,0.15,
E00117,Mia,Lam,Sr. Manger,IT,4/18/2006,134486,0.14,
E00118,Scarlett,Rodriguez,Sr. Analyst,Finance,2/24/2007,71699,0,
E00119,Cora,Rivera,Sr. Analyst,Marketing,1/2/2021,94430,0,
E00120,Liam,Jung,Manager,Finance,1/14/2010,103504,0.07,
E00121,Sophia,Huynh,Enterprise Architect,IT,8/9/2005,92771,0,
E00122,Athena,Carrillo,Analyst II,Finance,4/6/2006,71531,0,
E00123,Greyson,Sanders,Cloud Infrastructure Architect,IT,3/6/2019,,0,
E00124,Vivian,Lewis,Manager,Marketing,9/7/2011,104903,0.1,
E00125,Elena,Vang,Analyst,Finance,2/19/2019,55859,0,
E00126,Natalia,Diaz,Operations Engineer,Engineering,10/12/2006,79785,0,
E00127,Mila,Leung,Sr. Analyst,Marketing,11/5/2007,99017,0,
E00128,Ava,Nelson,Systems Analyst,IT,4/1/1992,53809,0,
E00129,Mateo,Chu,Field Engineer,Engineering,4/16/2020,71864,0,
E00130,Isla,Lai,Vice President,Finance,12/6/2011,225558,0.33,
E00131,Ezekiel,Reed,Sr. Manger,IT,2/25/2014,128984,0.12,5/1/2021
E00132,Nolan,Guzman,Field Engineer,Engineering,6/20/1999,96997,0,
E00133,Everleigh,Espinoza,Director,Human Resources,1/22/2018,,0.28,
E00134,Evelyn,Jung,Analyst,Sales,2/14/2021,,0,
E00135,Sophie,Silva,Vice President,Engineering,7/6/2017,,0.4,
E00136,Mateo,Williams,Enterprise Architect,IT,1/22/2011,97339,0,
E00137,Kennedy,Rahman,Vice President,Human Resources,2/28/2003,211291,0.37,
E00138,Levi,Mendez,Vice President,Sales,8/23/2011,249506,0.3,
E00139,Julian,Fong,Quality Engineer,Engineering,11/22/2002,,0,
E00140,Nevaeh,Kang,Automation Engineer,Engineering,1/10/2021,86538,0,
E00141,Hannah,Nelson,Sr. Analyst,Marketing,9/7/2019,70992,0,
E00142,Anthony,Rogers,Vice President,Engineering,6/18/2015,,0.3,
E00143,Paisley,Kang,Vice President,Human Resources,3/10/2017,196951,0.33,
E00144,Matthew,Gupta,Network Engineer,IT,9/18/2005,67686,0,
E00145,Silas,Chavez,Technical Architect,IT,4/15/2008,86431,0,
E00146,Colton,Thao,Manager,Human Resources,11/16/1995,125936,0.08,
E00147,Genesis,Perry,Sr. Manger,Sales,7/18/2013,149712,0.14,
E00148,Alexander,Bryant,Field Engineer,Engineering,10/2/2021,88758,0,
E00149,Elias,Zhang,Solutions Architect,IT,7/13/2013,,0,
E00150,Lily,Carter,Network Architect,IT,5/18/1998,68268,0,
E00151,Joseph,Ruiz,Field Engineer,Engineering,2/26/2002,75819,0,
E00152,Avery,Bailey,Sr. Analyst,Sales,5/15/1996,86658,0,
E00153,Miles,Hsu,Analyst II,Finance,3/16/2014,74552,0,
E00154,Piper,Cheng,Enterprise Architect,IT,3/15/2009,,0,
E00155,Skylar,Watson,Network Architect,IT,10/8/2021,64475,0,
E00156,Jaxon,Park,Network Architect,IT,7/24/2020,69453,0,
E00157,Elijah,Henry,Manager,IT,1/3/2014,,0.1,
E00158,Camila,Watson,Vice President,Finance,1/2/2018,190253,0.33,
E00159,Lucas,Thomas,Manager,Accounting,4/28/2000,115798,0.05,
E00160,Skylar,Doan,Sr. Business Partner,Human Resources,8/21/1994,93102,0,12/13/2013
E00161,Hudson,Liu,Engineering Manager,Engineering,11/16/2017,110054,0.15,
E00162,Gianna,Williams,Quality Engineer,Engineering,1/28/2021,95786,0,
E00163,Jaxson,Sandoval,Sr. Analyst,Sales,5/3/2017,90855,0,
E00164,Jameson,Alvarado,Enterprise Architect,IT,3/14/1999,92897,0,
E00165,Joseph,Ly,Vice President,Marketing,2/28/2009,242919,0.31,
E00166,Daniel,Richardson,Director,Engineering,5/20/2018,,0.29,
E00167,Elias,Figueroa,Sr. Manger,Finance,12/24/2021,144754,0.15,
E00168,Emma,Brooks,Sr. Account Representative,Sales,12/18/2016,,0,
E00169,Isla,Wong,Vice President,Accounting,3/16/2014,190815,0.4,
E00170,Everly,Walker,Sr. Manger,Sales,8/2/1999,137995,0.14,
E00171,Mila,Pena,Sr. Business Partner,Human Resources,12/21/2007,93840,0,
E00172,Mason,Zhao,Technical Architect,IT,10/26/2021,94790,0,
E00173,Jaxson,Mai,Vice President,Human Resources,3/8/2014,197367,0.39,
E00174,Ava,Garza,Director,Accounting,6/25/2018,174097,0.21,
E00175,Nathan,Mendez,Manager,IT,10/31/2006,120128,0.1,
E00176,Maria,Griffin,Manager,Marketing,4/25/2007,129708,0.05,
E00177,Alexander,Choi,Manager,Marketing,9/18/1994,102270,0.1,
E00178,Maria,Hong,Vice President,Finance,7/31/2005,,0.31,
E00179,Sophie,Ali,Analyst,Finance,3/28/2002,50475,0,
E00180,Julian,Ross,Manager,Marketing,7/2/2020,100099,0.08,
E00181,Emma,Hill,IT Coordinator,IT,12/27/2016,,0,
E00182,Leilani,Yee,Sr. Analyst,Marketing,7/12/2017,70996,0,
E00183,Jack,Brown,Analyst,Marketing,12/7/2004,40752,0,
E00184,Charlotte,Chu,Network Engineer,IT,1/23/2001,97537,0,
E00185,Jeremiah,Chu,IT Systems Architect,IT,9/12/2020,96567,0,
E00186,Miles,Cho,Systems Analyst,IT,3/10/1999,49404,0,
E00187,Caleb,Marquez,IT Systems Architect,IT,10/15/2019,66819,0,
E00188,Eli,Soto,Analyst,Marketing,5/2/2016,50784,0,
E00189,Carter,Mejia,Sr. Manger,Human Resources,5/9/2019,125828,0.15,
E00190,Ethan,Clark,Sr. Business Partner,Human Resources,8/4/2017,92610,0,
E00191,Asher,Jackson,Sr. Manger,Sales,3/25/2003,,0.13,
E00192,Ayla,Ng,Account Representative,Sales,3/20/2004,73004,0,
E00193,Jose,Kang,Engineering Manager,Engineering,4/25/1999,95061,0.1,
E00194,Aubrey,Romero,Director,Sales,4/2/1998,160832,0.3,
E00195,Jaxson,Wright,Service Desk Analyst,IT,12/28/2010,64417,0,
E00196,Elias,Ali,Manager,Sales,3/19/2021,127543,0.06,
E00197,Nolan,Pena,Analyst,Marketing,6/21/2018,56154,0,
E00198,Luna,Liu,Vice President,Sales,2/22/2014,218530,0.3,
E00199,Brooklyn,Reyes,Service Desk Analyst,IT,12/19/2019,,0,
E00200,Hadley,Parker,Vice President,Marketing,9/21/2016,221217,0.32,9/25/2017
E00201,Jonathan,Chavez,System Administrator ,IT,5/11/2017,87536,0,
E00202,Sarah,Ayala,Analyst,Sales,6/9/2015,41429,0,
E00203,Elijah,Kang,Vice President,Engineering,10/10/2011,245482,0.39,
E00204,Ella,White,Development Engineer,Engineering,1/20/2020,71359,0,
E00205,Jordan,Truong,Director,Engineering,8/28/2014,183161,0.22,
E00206,Daniel,Jordan,Network Administrator,IT,7/26/1993,69260,0,
E00207,Daniel,Dixon,Operations Engineer,Engineering,10/9/1999,95639,0,
E00208,Luca,Duong,Manager,Human Resources,6/30/2004,120660,0.07,
E00209,Levi,Brown,Sr. Analyst,Sales,12/26/2021,75119,0,
E00210,Mason,Cho,Vice President,Accounting,5/18/2011,192213,0.4,
E00211,Nova,Herrera,Account Representative,Sales,5/10/2014,65047,0,
E00212,Elijah,Watson,Sr. Manger,Sales,3/16/2017,151413,0.15,
E00213,Wesley,Gray,Sr. Analyst,Accounting,4/22/2003,76906,0,
E00214,Wesley,Sharma,Manager,IT,2/23/1994,122802,0.05,
E00215,Mateo,Mendez,Development Engineer,Engineering,7/14/1998,99091,0,
E00216,Jose,Molina,Controls Engineer,Engineering,2/28/2008,113987,0,
E00217,Luna,Simmons,Sr. Analyst,Finance,9/4/2020,95045,0,
E00218,Samantha,Barnes,Vice President,Marketing,1/5/2017,190401,0.37,
E00219,Hunter,Ortiz,Sr. Analyst,Finance,1/20/2013,86061,0,
E00220,Thomas,Aguilar,Sr. Account Representative,Sales,2/10/2021,79882,0,
E00221,Skylar,Bell,Vice President,Engineering,3/6/2018,255431,0.36,
E00222,Anna,Zhu,Service Desk Analyst,IT,8/22/2003,82017,0,
E00223,Ella,Hunter,Analyst,Finance,1/18/2017,53799,0,
E00224,Emery,Hunter,Sr. Analyst,Sales,7/3/2021,,0,
E00225,Sofia,Parker,Cloud Infrastructure Architect,IT,5/30/2014,99080,0,
E00226,Lucy,Fong,Sr. Account Representative,Sales,1/20/2011,96719,0,
E00227,Vivian,Barnes,Director,Human Resources,3/28/2021,180687,0.19,
E00228,Kai,Chow,Engineering Manager,Engineering,4/12/2001,95743,0.15,1/15/2010
E00229,Melody,Cooper,Development Engineer,Engineering,9/4/2009,89695,0,
E00230,James,Bui,Manager,Finance,7/20/1998,122753,0.09,
E00231,Liam,Grant,Sr. Business Partner,Human Resources,3/15/2015,93734,0,
E00232,Owen,Han,Analyst,Accounting,5/12/2017,52069,0,
E00233,Kinsley,Vega,Vice President,Accounting,12/16/2020,,0.4,
E00234,Leonardo,Martin,Manager,Finance,2/16/1995,125375,0.09,
E00235,Greyson,Lam,Vice President,Accounting,2/8/2021,198243,0.31,
E00236,Emilia,Rivera,Test Engineer,Engineering,11/23/2017,96023,0,
E00237,Penelope,Johnson,Sr. Analyst,Marketing,6/25/2012,83066,0,6/5/2013
E00238,Eva,Figueroa,Analyst II,Sales,5/14/2014,61216,0,
E00239,Ezekiel,Jordan,Sr. Manger,Accounting,2/10/2013,144231,0.14,7/17/2020
E00240,Luke,Mai,HRIS Analyst,Human Resources,10/24/2007,51630,0,
E00241,Charles,Diaz,Sr. Manger,Sales,11/16/2013,124129,0.15,
E00242,Adam,Espinoza,Test Engineer,Engineering,4/9/2009,60055,0,
E00243,Jack,Maldonado,Director,Engineering,8/26/2020,189290,0.22,9/25/2020
E00244,Cora,Jiang,Vice President,IT,4/30/2008,,0.3,
E00245,Cooper,Mitchell,Manager,Sales,1/31/2006,117518,0.07,
E00246,Layla,Torres,Sr. Manger,Finance,2/24/2013,157474,0.11,
E00247,Jack,Edwards,Manager,Marketing,4/6/2008,126856,0.06,
E00248,Eleanor,Chan,Sr. Manger,Accounting,4/2/2001,129124,0.12,
E00249,Aria,Xi,Director,Sales,3/1/2002,165181,0.16,
E00250,John,Vega,Vice President,Finance,1/18/2004,247939,0.35,
E00251,Luke,Munoz,Director,Engineering,8/25/2017,169509,0.18,
E00252,Sarah,Daniels,Sr. Manger,Accounting,1/9/2011,138521,0.1,
E00253,Aria,Castro,Engineering Manager,Engineering,3/14/2014,,0.11,
E00254,Autumn,Joseph,Enterprise Architect,IT,5/9/2018,73317,0,
E00255,Evelyn,Liang,Service Desk Analyst,IT,6/26/2013,69096,0,
E00256,Henry,Alvarez,Sr. Business Partner,Human Resources,4/12/2005,,0,
E00257,Benjamin,Delgado,Test Engineer,Engineering,9/28/1992,70778,0,
E00258,Zoe,Rodriguez,Director,Human Resources,5/23/2004,153938,0.2,
E00259,Axel,Chu,Systems Analyst,IT,5/4/2018,59888,0,
E00260,Cameron,Evans,Test Engineer,Engineering,12/13/2018,63098,0,
E00261,Isabella,Soto,Vice President,Finance,12/15/2021,,0.33,
E00262,Eva,Jenkins,Sr. Manger,Human Resources,11/10/2004,142318,0.14,
E00263,Cameron,Powell,Business Partner,Human Resources,8/20/2004,49186,0,6/17/2008
E00264,Samantha,Foster,Vice President,Human Resources,7/27/2019,220937,0.38,
E00265,Jade,Li,Director,IT,10/26/2012,183156,0.3,
E00266,Kinsley,Acosta,Vice President,IT,7/22/2020,192749,0.31,
E00267,Clara,Kang,Sr. Manger,IT,3/25/2017,135325,0.14,
E00268,Harper,Alexander,Sr. Analyst,Sales,10/14/2019,79356,0,
E00269,Carter,Reed,Development Engineer,Engineering,7/7/2005,74412,0,
E00270,Charlotte,Ruiz,Computer Systems Manager,IT,10/2/2017,61886,0.09,
E00271,Everleigh,Jiang,Director,Accounting,5/14/2003,173071,0.29,
E00272,Audrey,Smith,Field Engineer,Engineering,10/27/1995,70189,0,
E00273,Emery,Acosta,Vice President,Sales,9/11/2013,,0.3,
E00274,Charles,Robinson,HRIS Analyst,Human Resources,3/12/2021,70369,0,
E00275,Landon,Lopez,Sr. Analyst,Accounting,7/5/2008,78056,0,
E00276,Miles,Mehta,Director,Finance,5/2/1996,189933,0.23,
E00277,Ezra,Simmons,Automation Engineer,Engineering,7/1/2010,78237,0,
E00278,Nora,Santiago,Analyst,Accounting,6/26/1996,48687,0,
E00279,Caroline,Herrera,Sr. Manger,Marketing,8/19/2004,121065,0.15,
E00280,David,Owens,Sr. Analyst,Sales,4/16/2004,94246,0,
E00281,Avery,Yee,Systems Analyst,IT,5/22/2016,44614,0,
E00282,Xavier,Park,Vice President,IT,11/8/2020,,0.31,
E00283,Asher,Morales,Automation Engineer,Engineering,7/10/2020,88272,0,
E00284,Mason,Cao,Analyst II,Finance,9/14/2017,74449,0,
E00285,Joshua,Fong,Vice President,Engineering,6/11/2012,,0.39,
E00286,Maria,Chin,Analyst,Marketing,9/26/2013,50341,0,
E00287,Eva,Garcia,HRIS Analyst,Human Resources,4/11/2021,72235,0,
E00288,Anna,Molina,Sr. Analyst,Accounting,6/12/2016,70165,0,
E00289,Logan,Bryant,Sr. Manger,Marketing,7/18/2020,148485,0.15,
E00290,Isla,Han,Technical Architect,IT,6/18/2005,86089,0,
E00291,Christopher,Vega,Engineering Manager,Engineering,10/27/2007,106313,0.15,
E00292,Lillian,Park,Analyst,Marketing,2/24/2021,46833,0,11/10/2021
E00293,Kennedy,Zhang,Director,Finance,10/27/2000,155320,0.17,
E00294,Eli,Han,Sr. Analyst,Accounting,1/15/2016,89984,0,
E00295,Julia,Pham,Engineering Manager,Engineering,3/16/2006,83756,0.14,
E00296,Hailey,Shin,Director,Human Resources,10/24/2016,176324,0.23,
E00297,Connor,Grant,Sr. Analyst,Accounting,10/13/2021,74077,0,
E00298,Natalia,Owens,Manager,Human Resources,1/18/2021,,0.07,
E00299,Maria,He,IT Systems Architect,IT,8/28/2010,82162,0,10/3/2020
E00300,Jade,Yi,Account Representative,Sales,7/10/2015,63880,0,
E00301,Quinn,Xiong,Test Engineer,Engineering,9/8/2013,73248,0,
E00302,Dominic,Baker,Sr. Analyst,Accounting,10/9/2020,91853,0,
E00303,Adam,Nelson,Director,Finance,1/14/2020,,0.27,7/27/2021
E00304,Autumn,Reed,Development Engineer,Engineering,9/17/2017,70770,0,
E00305,Robert,Edwards,HRIS Analyst,Human Resources,10/11/2004,50825,0,
E00306,Roman,Martinez,Sr. Manger,Finance,9/19/2015,145846,0.15,
E00307,Eleanor,Li,Sr. Manger,Human Resources,12/7/2003,,0.15,
E00308,Connor,Vang,Analyst,Sales,7/28/2021,46845,0,
E00309,Ellie,Chung,Sr. Manger,Marketing,8/29/2008,157969,0.1,
E00310,Violet,Hall,Solutions Architect,IT,12/10/2010,97807,0,
E00311,Dylan,Padilla,HRIS Analyst,Human Resources,12/9/2015,73854,0,
E00312,Nathan,Pham,Sr. Manger,Accounting,12/12/2006,149537,0.14,
E00313,Ayla,Brown,Sr. Manger,Sales,4/15/2013,128303,0.15,
E00314,Isaac,Mitchell,Network Architect,IT,6/10/2005,67374,0,
E00315,Jayden,Jimenez,Manager,Human Resources,9/24/2011,102167,0.06,
E00316,Jaxon,Tran,Sr. Manger,Sales,9/7/2007,151027,0.1,
E00317,Connor,Fong,Manager,Accounting,2/16/2018,120905,0.05,
E00318,Emery,Mitchell,Vice President,Finance,6/2/2018,231567,0.36,
E00319,Landon,Luu,Vice President,IT,7/12/2015,215388,0.33,
E00320,Sophia,Ahmed,Sr. Manger,Sales,6/13/2015,127972,0.11,
E00321,Sofia,Dinh,Operations Engineer,Engineering,8/4/1995,80701,0,4/14/2005
E00322,Jonathan,Patel,Manager,Marketing,2/2/2020,115417,0.06,
E00323,Piper,Patterson,Quality Engineer,Engineering,6/19/2019,88045,0,
E00324,Cora,Evans,Computer Systems Manager,IT,3/26/2018,86478,0.06,
E00325,Cameron,Young,Vice President,Engineering,1/18/2016,180994,0.39,
E00326,Melody,Ho,Analyst II,Finance,12/2/2007,64494,0,
E00327,Aiden,Bryant,Account Representative,Sales,10/21/2002,70122,0,
E00328,Grayson,Walker,Director,Accounting,2/19/2017,181854,0.29,4/24/2020
E00329,Scarlett,Figueroa,Business Partner,Human Resources,10/21/2016,52811,0,
E00330,Madeline,Hoang,Systems Analyst,IT,10/25/2019,50111,0,
E00331,Ezra,Simmons,Network Administrator,IT,5/7/2016,,0,
E00332,Ruby,Medina,Director,Sales,12/18/2018,,0.2,
E00333,Luke,Zheng,Director,Human Resources,11/28/2006,,0.29,
E00334,Rylee,Dinh,Development Engineer,Engineering,2/10/2017,,0,
E00335,Miles,Evans,Network Architect,IT,10/24/1994,87216,0,
E00336,Leo,Owens,Systems Analyst,IT,4/23/2020,50069,0,
E00337,Caroline,Owens,Director,IT,7/26/2021,151108,0.22,
E00338,Kennedy,Do,Computer Systems Manager,IT,10/15/2005,67398,0.07,
E00339,Jade,Acosta,Development Engineer,Engineering,8/29/2015,68488,0,
E00340,Mila,Vasquez,Quality Engineer,Engineering,7/16/1998,92932,0,
E00341,Allison,Ayala,Analyst,Finance,6/30/2009,43363,0,
E00342,Jace,Zhang,Service Desk Analyst,IT,2/14/2017,95963,0,
E00343,Allison,Medina,Manager,Finance,4/29/2010,,0.05,
E00344,Maria,Wilson,Vice President,Engineering,6/14/1996,200246,0.34,
E00345,Everly,Coleman,Vice President,IT,2/18/2015,194871,0.35,
E00346,Jordan,Gomez,Sr. Analyst,Accounting,9/15/1994,98769,0,10/3/2016
E00347,Isla,Chavez,Account Representative,Sales,5/19/2018,65334,0,
E00348,Hannah,Gomez,Technical Architect,IT,5/11/2021,83934,0,
E00349,Jacob,Davis,Director,Accounting,9/3/2016,,0.28,
E00350,Eli,Gupta,Director,Human Resources,5/19/2012,,0.19,
E00351,Andrew,Huynh,Business Partner,Human Resources,4/28/1997,,0,10/11/1998
E00352,Anna,Gutierrez,Director,Engineering,4/15/2003,,0.29,
E00353,Samuel,Vega,Analyst II,Marketing,3/30/2013,69570,0,
E00354,Liliana,Do,Service Desk Analyst,IT,3/29/2019,86774,0,
E00355,Isaac,Sanders,HRIS Analyst,Human Resources,3/29/2001,57606,0,
E00356,Raelynn,Gupta,Sr. Manger,Finance,9/10/2001,125730,0.11,
E00357,Genesis,Xiong,System Administrator ,IT,2/25/2012,64170,0,
E00358,Lucas,Ramos,Sr. Business Partner,Human Resources,1/21/1998,72303,0,
E00359,Santiago,Fugo,Manager,Sales,7/26/2012,105891,0.07,
E00360,Henry,Zhu,Vice President,Marketing,8/25/2021,255230,0.36,
E00361,Emily,Contreras,Analyst II,Sales,6/15/1992,59591,0,
E00362,Hailey,Lai,Vice President,Human Resources,7/23/2012,187048,0.32,
E00363,Vivian,Guzman,Analyst II,Finance,2/9/2002,58605,0,
E00364,Hadley,Contreras,Director,Engineering,1/4/2017,178502,0.2,
E00365,Nathan,Sun,Manager,Accounting,7/29/2015,,0.05,
E00366,Grace,Campos,Director,Engineering,3/21/2008,156277,0.22,
E00367,Autumn,Ortiz,Field Engineer,Engineering,12/17/2017,87744,0,
E00368,Connor,Walker,Analyst II,Finance,3/18/2019,54714,0,
E00369,Mia,Wu,Enterprise Architect,IT,8/25/2013,99169,0,
E00370,Julia,Luong,Sr. Manger,Accounting,6/20/2006,142628,0.12,
E00371,Eleanor,Delgado,Sr. Analyst,Marketing,4/27/2014,75869,0,
E00372,Addison,Roberts,Network Architect,IT,5/14/2018,60985,0,
E00373,Camila,Li,Sr. Manger,IT,7/24/2010,126911,0.1,
E00374,Ezekiel,Fong,Vice President,Sales,2/25/2004,216949,0.32,
E00375,Dylan,Thao,Director,Engineering,10/22/2012,168510,0.29,
E00376,Josephine,Salazar,Field Engineer,Engineering,3/14/2016,85870,0,
E00377,Genesis,Hu,Sr. Analyst,Marketing,1/15/2002,86510,0,1/2/2003
E00378,Mila,Juarez,Manager,Sales,9/21/2017,119647,0.09,
E00379,Daniel,Perry,Enterprise Architect,IT,4/15/2001,80921,0,
E00380,Paisley,Hunter,Engineering Manager,Engineering,1/15/2010,98110,0.13,
E00381,Everleigh,White,Network Architect,IT,10/20/2017,,0,
E00382,Penelope,Choi,Technical Architect,IT,9/10/2010,,0,
E00383,Piper,Sun,Director,Marketing,2/14/2011,171217,0.19,
E00384,Lucy,Johnson,Manager,IT,4/27/2020,,0.07,
E00385,Ian,Ngo,Manager,Sales,8/7/2014,117062,0.07,
E00386,Joseph,Vazquez,Sr. Manger,Accounting,1/23/2019,159031,0.1,
E00387,Hadley,Guerrero,Sr. Manger,IT,1/14/2004,125086,0.1,
E00388,Jose,Brown,System Administrator ,IT,4/7/2016,67976,0,
E00389,Benjamin,Ford,Analyst II,Finance,4/22/2021,74215,0,
E00390,Henry,Shah,Director,Accounting,6/11/2010,187389,0.25,
E00391,Ivy,Daniels,Sr. Manger,Human Resources,10/26/2008,,0.13,
E00392,Thomas,Chang,Sr. Analyst,Accounting,7/26/2011,97231,0,
E00393,Caroline,Phan,Sr. Manger,Finance,3/14/2004,155004,0.12,
E00394,Maverick,Mehta,Systems Analyst,IT,7/30/2007,41859,0,
E00395,Austin,Edwards,IT Coordinator,IT,9/24/2006,52733,0,
E00396,Daniel,Huang,Vice President,Human Resources,9/3/2015,250953,0.34,
E00397,Lucas,Phan,Director,Marketing,2/19/1999,191807,0.21,
E00398,Gabriel,Yu,Technical Architect,IT,6/23/2014,64677,0,
E00399,Mason,Watson,Sr. Manger,IT,9/14/2004,130274,0.11,
E00400,Angel,Chang,Network Architect,IT,7/6/2017,96331,0,
E00401,Madeline,Coleman,Sr. Manger,Finance,4/28/2006,150758,0.13,8/16/2007
E00402,Thomas,Vazquez,Director,Engineering,7/19/2014,173629,0.21,
E00403,Silas,Hunter,Solutions Architect,IT,5/4/1998,62174,0,
E00404,Nicholas,Brooks,Analyst II,Accounting,10/20/2017,56555,0,
E00405,Dominic,Thomas,Analyst II,Marketing,9/28/2005,74655,0,
E00406,Wesley,Adams,System Administrator ,IT,8/11/2003,,0,
E00407,Ian,Wu,Sr. Analyst,Marketing,4/14/2012,82300,0,
E00408,Alice,Young,Automation Engineer,Engineering,1/24/2008,91621,0,
E00409,Logan,Carrillo,Sr. Analyst,Marketing,11/30/2014,91280,0,
E00410,Caroline,Alexander,Business Partner,Human Resources,9/18/2020,47071,0,
E00411,Serenity,Bailey,IT Systems Architect,IT,11/21/2011,,0,
E00412,Elena,Tan,Vice President,Engineering,10/13/2008,181801,0.4,12/11/2019
E00413,Eliza,Adams,Account Representative,Sales,11/21/2021,63137,0,
E00414,Alice,Xiong,Vice President,Engineering,9/2/2018,,0.34,
E00415,Isla,Yoon,Quality Engineer,Engineering,5/10/2013,,0,8/4/2019
E00416,Emma,Perry,Solutions Architect,IT,1/22/2018,68176,0,
E00417,Riley,Marquez,Sr. Manger,Finance,10/18/2019,122829,0.11,
E00418,Caroline,Hu,Sr. Manger,Marketing,8/18/2019,126353,0.12,
E00419,Madison,Kumar,Director,Accounting,10/17/2010,188727,0.23,
E00420,Matthew,Lim,Sr. Analyst,Sales,2/18/1994,99624,0,
E00421,Maya,Ngo,Manager,Sales,10/20/2012,108686,0.06,
E00422,Alice,Soto,Analyst,Accounting,4/13/1995,50857,0,
E00423,Andrew,Moore,Operations Engineer,Engineering,1/2/2001,120628,0,
E00424,Olivia,Harris,Director,Sales,6/14/2020,181216,0.27,
E00425,Genesis,Banks,Analyst,Finance,3/16/2012,46081,0,
E00426,Victoria,Johnson,Sr. Manger,Accounting,5/28/2004,159885,0.12,
E00427,Eloise,Griffin,Director,Sales,10/29/1995,153271,0.15,
E00428,Roman,Yang,Manager,Human Resources,12/12/2009,114242,0.08,
E00429,Clara,Huynh,IT Coordinator,IT,11/18/2020,48415,0,
E00430,Kai,Flores,Development Engineer,Engineering,5/23/2017,,0,
E00431,Jaxson,Dinh,Sr. Manger,Marketing,5/3/2001,,0.12,12/26/2011
E00432,Sophie,Vang,Sr. Manger,Marketing,9/14/2021,136810,0.14,
E00433,Axel,Jordan,Analyst,Sales,2/28/2013,54635,0,
E00434,Jade,Hunter,Cloud Infrastructure Architect,IT,2/5/2020,,0,
E00435,Lydia,Williams,System Administrator ,IT,10/29/2014,91592,0,
E00436,Emery,Chang,Business Partner,Human Resources,8/17/2000,55563,0,
E00437,Savannah,He,Director,IT,2/14/1996,159724,0.23,
E00438,Elias,Ahmed,Vice President,Marketing,8/4/2017,183190,0.36,
E00439,Samantha,Woods,Analyst,Accounting,12/25/2019,54829,0,
E00440,Axel,Soto,Quality Engineer,Engineering,4/22/2005,96639,0,
E00441,Amelia,Choi,Manager,Marketing,6/11/2006,117278,0.09,
E00442,Jacob,Khan,Computer Systems Manager,IT,2/9/2008,84193,0.09,
E00443,Luna,Taylor,Network Administrator,IT,7/28/2018,87806,0,
E00444,Dominic,Parker,Test Engineer,Engineering,10/4/2011,,0,
E00445,Angel,Xiong,Vice President,IT,6/11/2015,234723,0.36,
E00446,Emma,Cao,Analyst,Accounting,8/24/2019,50809,0,
E00447,Ezekiel,Bryant,Sr. Analyst,Finance,7/19/2002,77396,0,
E00448,Natalie,Hwang,Sr. Analyst,Finance,12/31/1999,,0,
E00449,Adeline,Yang,Cloud Infrastructure Architect,IT,7/20/2011,86173,0,
E00450,Allison,Roberts,Vice President,Sales,8/19/2000,222224,0.38,
E00451,Andrew,Do,Sr. Manger,Finance,4/17/2021,146140,0.15,
E00452,Eliana,Grant,Engineering Manager,Engineering,6/20/1994,109456,0.1,
E00453,Mila,Soto,Director,Finance,10/7/2008,170221,0.15,
E00454,Gabriella,Johnson,Computer Systems Manager,IT,3/1/2006,97433,0.05,8/8/2015
E00455,Jonathan,Khan,Account Representative,Sales,8/30/2013,,0,
E00456,Elias,Dang,Director,Engineering,8/29/1995,158787,0.18,
E00457,Theodore,Ngo,Controls Engineer,Engineering,4/29/2018,83378,0,
E00458,Bella,Lopez,Sr. Analyst,Marketing,11/12/2013,88895,0,
E00459,Luca,Truong,Director,Marketing,12/11/2004,168846,0.24,
E00460,Nathan,Lau,Business Partner,Human Resources,2/22/2011,43336,0,7/12/2020
E00461,Henry,Campos,Sr. Manger,Human Resources,9/27/2009,127801,0.15,
E00462,Connor,Bell,Network Administrator,IT,4/1/2000,76352,0,
E00463,Angel,Stewart,Vice President,Finance,6/22/2019,250767,0.38,
E00464,Landon,Brown,Vice President,Marketing,9/27/2020,223055,0.3,
E00465,Nicholas,Rivera,Director,Engineering,4/13/2007,189680,0.23,
E00466,Gabriel,Carter,Test Engineer,Engineering,7/18/2018,71167,0,
E00467,Leilani,Baker,Technical Architect,IT,4/4/2010,,0,
E00468,Ian,Flores,Director,Engineering,12/10/2019,183113,0.24,
E00469,Hudson,Thompson,Analyst II,Accounting,10/20/2020,,0,
E00470,Ian,Miller,Computer Systems Manager,IT,10/13/2016,63744,0.08,
E00471,Harper,Chin,Quality Engineer,Engineering,7/9/2002,92209,0,
E00472,Archi,Santiago,Sr. Manger,Sales,9/1/2000,157487,0.12,
E00473,Dylan,Dominguez,Sr. Analyst,Marketing,4/7/2015,99697,0,
E00474,Everett,Lee,Network Administrator,IT,2/26/2010,90770,0,
E00475,Madelyn,Mehta,Analyst,Sales,1/28/2005,55369,0,
E00476,Athena,Vasquez,Field Engineer,Engineering,9/16/2014,69578,0,
E00477,William,Watson,Director,Accounting,6/4/2013,167526,0.26,
E00478,Everleigh,Nunez,Field Engineer,Engineering,2/5/2021,65507,0,
E00479,Leo,Fernandez,Manager,Finance,4/28/1998,108268,0.09,5/15/2004
E00480,Joshua,Lin,Technical Architect,IT,2/5/2016,80055,0,
E00481,Alexander,Rivera,Sr. Analyst,Sales,4/27/2009,76802,0,
E00482,David,Desai,Vice President,Sales,11/22/2016,,0.31,
E00483,Aubrey,Yoon,Sr. Business Partner,Human Resources,11/11/2005,78388,0,
E00484,Grayson,Brown,Vice President,IT,6/22/2016,,0.34,
E00485,Noah,Chen,Sr. Manger,Marketing,3/1/2015,148321,0.15,
E00486,Ella,Nguyen,Service Desk Analyst,IT,2/10/2004,90258,0,
E00487,Athena,Jordan,System Administrator ,IT,2/19/2011,72486,0,
E00488,Adrian,Ruiz,Sr. Analyst,Finance,9/4/2014,95499,0,8/11/2017
E00489,Zoe,Sanchez,Sr. Analyst,Accounting,12/23/2004,90212,0,
E00490,Jameson,Chen,Vice President,Marketing,12/5/2019,254057,0.39,
E00491,Liliana,Soto,Business Partner,Human Resources,10/12/2010,43001,0,
E00492,Lincoln,Reyes,Computer Systems Manager,IT,8/3/1998,85120,0.09,
E00493,Grayson,Soto,Business Partner,Human Resources,8/3/2015,52200,0,
E00494,Julia,Morris,Sr. Manger,Human Resources,10/18/2008,150855,0.11,
E00495,Ava,Ortiz,Enterprise Architect,IT,7/20/2004,65702,0,
E00496,Carson,Chau,Director,Finance,10/12/2007,162038,0.24,
E00497,Lillian,Chen,Sr. Manger,Marketing,4/9/2020,157057,0.1,
E00498,Josiah,Lewis,Manager,IT,8/11/2021,127559,0.1,
E00499,Claire,Jones,Field Engineer,Engineering,3/12/2019,,0,
E00500,Jeremiah,Lu,Network Architect,IT,3/6/2001,73907,0,
E00501,Nova,Hill,Sr. Analyst,Accounting,3/10/2018,90040,0,
E00502,Peyton,Cruz,Development Engineer,Engineering,5/26/2016,91134,0,
E00503,Naomi,Zhao,Vice President,Human Resources,9/22/2021,201396,0.32,
E00504,Rylee,Bui,Analyst,Accounting,12/22/2011,54733,0,
E00505,Andrew,Reed,System Administrator ,IT,6/17/2019,65341,0,4/11/2022
E00506,Brooklyn,Collins,Sr. Manger,Finance,10/27/2018,139208,0.11,
E00507,John,Jung,Sr. Analyst,Sales,3/12/2018,73200,0,
E00508,Samantha,Aguilar,Manager,Accounting,4/24/2010,102636,0.06,
E00509,Madeline,Acosta,Sr. Account Representative,Sales,2/9/2021,87427,0,
E00510,Ethan,Joseph,IT Coordinator,IT,5/28/2018,49219,0,
E00511,Miles,Mehta,Manager,Finance,5/19/2018,106437,0.07,
E00512,Joshua,Juarez,Analyst II,Finance,5/5/2015,64364,0,
E00513,Matthew,Howard,Director,Human Resources,10/17/2021,172180,0.3,
E00514,Jade,Figueroa,Sr. Analyst,Sales,5/14/2012,,0,
E00515,Everett,Morales,Solutions Architect,IT,7/10/2014,66649,0,
E00516,Genesis,Hunter,Manager,Finance,4/22/1999,102847,0.05,
E00517,Henry,Figueroa,Sr. Manger,Finance,7/19/2010,134881,0.15,
E00518,Nicholas,Song,Analyst II,Marketing,5/23/1999,68807,0,11/30/2015
E00519,Jack,Alexander,Vice President,IT,5/29/2006,228822,0.36,
E00520,Jameson,Foster,Analyst,Marketing,7/18/2021,43391,0,
E00521,Leonardo,Lo,Quality Engineer,Engineering,11/15/2021,91782,0,
E00522,Ella,Huang,Vice President,Marketing,2/28/2016,211637,0.31,
E00523,Liam,Jordan,Computer Systems Manager,IT,8/8/2020,73255,0.09,
E00524,Isaac,Woods,Manager,Sales,1/8/2021,108826,0.1,
E00525,Luke,Wilson,Solutions Architect,IT,5/24/2016,94352,0,
E00526,Lyla,Alvarez,IT Systems Architect,IT,8/30/1994,,0,
E00527,Caleb,Flores,Manager,Human Resources,8/13/2013,113909,0.06,
E00528,Angel,Lin,Network Administrator,IT,12/24/2020,92321,0,
E00529,Easton,Moore,Computer Systems Manager,IT,5/23/2013,99557,0.09,
E00530,Kinsley,Collins,Automation Engineer,Engineering,11/14/2018,115854,0,
E00531,Brooklyn,Salazar,IT Systems Architect,IT,3/1/2011,82462,0,
E00532,Scarlett,Jenkins,Vice President,IT,11/9/2011,,0.32,
E00533,Melody,Chin,Sr. Manger,Finance,10/15/2006,153492,0.11,
E00534,Eloise,Alexander,Vice President,Human Resources,1/21/2018,208210,0.3,
E00535,Carter,Turner,Sr. Analyst,Marketing,11/17/2015,91632,0,
E00536,Andrew,Ma,HRIS Analyst,Human Resources,9/24/2017,71755,0,
E00537,Hailey,Xi,Manager,Accounting,11/19/2021,111006,0.08,
E00538,Aiden,Le,Cloud Infrastructure Architect,IT,12/24/1994,,0,
E00539,Christopher,Lim,Director,IT,3/13/2007,184648,0.24,
E00540,James,Castillo,Vice President,IT,7/19/2001,247874,0.33,
E00541,Greyson,Dang,Development Engineer,Engineering,5/11/2009,62239,0,
E00542,Hannah,King,Manager,Accounting,10/7/2014,114911,0.07,
E00543,Wesley,Dominguez,Engineering Manager,Engineering,4/27/2018,115490,0.12,
E00544,Dominic,Hu,Manager,Accounting,2/13/2012,,0.07,
E00545,Nora,Park,Director,Accounting,6/28/2017,,0.2,
E00546,Audrey,Hwang,Sr. Analyst,Accounting,6/17/2020,89841,0,
E00547,Ella,Jenkins,Analyst II,Finance,12/20/2019,61026,0,
E00548,Peyton,Owens,Controls Engineer,Engineering,9/25/2014,96693,0,
E00549,Alice,Lopez,Test Engineer,Engineering,6/27/2009,82907,0,
E00550,Dominic,Le,Vice President,Marketing,10/4/2014,,0.35,
E00551,Ezra,Ortiz,Quality Engineer,Engineering,1/21/2012,94658,0,
E00552,Grayson,Luu,Quality Engineer,Engineering,4/30/2011,89419,0,
E00553,Brooks,Stewart,HRIS Analyst,Human Resources,12/19/2015,51983,0,
E00554,Naomi,Xi,Director,Finance,2/17/2002,179494,0.2,
E00555,Silas,Estrada,IT Systems Architect,IT,6/24/2016,68426,0,
E00556,Skylar,Ayala,Sr. Manger,Finance,2/6/2017,144986,0.12,
E00557,Lydia,Huynh,Account Representative,Sales,8/16/2000,60113,0,
E00558,Hazel,Cortez,HRIS Analyst,Human Resources,4/18/2021,50548,0,
E00559,Everleigh,Adams,Analyst II,Marketing,3/14/2020,68846,0,
E00560,Layla,Salazar,Solutions Architect,IT,3/19/2014,90901,0,
E00561,Willow,Chen,Manager,Accounting,9/3/2012,,0.08,
E00562,Penelope,Griffin,Director,Sales,1/23/2021,151783,0.26,
E00563,Lillian,Romero,Director,Engineering,12/7/2018,170164,0.17,
E00564,Stella,Wu,Sr. Manger,Marketing,2/20/2014,155905,0.14,
E00565,Parker,Vang,Analyst,Sales,12/17/2016,,0,
E00566,Mila,Roberts,Sr. Business Partner,Human Resources,1/26/2017,88663,0,
E00567,Isaac,Liu,Field Engineer,Engineering,10/13/1992,88213,0,
E00568,Jacob,Doan,Analyst II,Sales,8/2/2021,67130,0,
E00569,Raelynn,Ma,Sr. Analyst,Finance,10/8/2015,94876,0,
E00570,Jameson,Juarez,Development Engineer,Engineering,10/9/1994,98230,0,
E00571,Everleigh,Shah,Test Engineer,Engineering,12/14/2018,96757,0,
E00572,Alexander,Foster,Analyst II,Marketing,7/3/2020,51513,0,
E00573,Ryan,Ha,Vice President,Marketing,1/27/2007,,0.37,
E00574,Chloe,Salazar,Sr. Manger,Human Resources,5/22/2011,152353,0.14,
E00575,Layla,Scott,Sr. Manger,Accounting,7/30/2010,,0.12,
E00576,Leah,Khan,Director,Marketing,9/13/2010,157070,0.28,
E00577,Mason,Jimenez,Sr. Manger,Finance,8/8/2019,130133,0.15,5/18/2022
E00578,Hailey,Dang,Manager,Marketing,9/21/2019,108780,0.06,
E00579,Amelia,Bui,Director,Engineering,10/21/2020,151853,0.16,
E00580,Elena,Her,Account Representative,Sales,9/17/2006,64669,0,
E00581,Ian,Cortez,Analyst II,Marketing,4/30/2008,69352,0,
E00582,Christian,Ali,Analyst II,Marketing,10/17/2001,74631,0,
E00583,Carter,Ortiz,Quality Engineer,Engineering,4/29/2012,96441,0,
E00584,Grayson,Chan,Engineering Manager,Engineering,10/20/2011,114250,0.14,
E00585,Nolan,Molina,Computer Systems Manager,IT,12/27/2020,70165,0.07,
E00586,Adam,Kaur,Manager,IT,1/29/2000,109059,0.07,
E00587,Amelia,Kaur,Operations Engineer,Engineering,11/14/2015,77442,0,
E00588,Autumn,Gonzales,Analyst II,Sales,6/6/2012,72126,0,
E00589,Ezra,Wilson,Service Desk Analyst,IT,10/18/2013,70334,0,
E00590,Jacob,Cheng,Quality Engineer,Engineering,12/23/2009,78006,0,
E00591,Melody,Valdez,Director,IT,1/25/2021,160385,0.23,5/18/2021
E00592,Caroline,Nelson,Vice President,Finance,1/11/2014,,0.39,
E00593,Ellie,Guerrero,Sr. Manger,Human Resources,7/13/2020,141555,0.11,
E00594,Genesis,Zhu,Director,Finance,7/20/2020,184960,0.18,
E00595,Jonathan,Ho,Vice President,IT,6/25/2011,221592,0.31,
E00596,Savannah,Park,HRIS Analyst,Human Resources,1/28/2009,53301,0,
E00597,Nathan,Chan,Cloud Infrastructure Architect,IT,3/2/2000,91276,0,
E00598,Sofia,Vu,Sr. Manger,Human Resources,9/5/2017,140042,0.13,
E00599,Ruby,Choi,Analyst,Accounting,12/6/2018,57225,0,
E00600,Lily,Pena,Manager,Human Resources,2/24/2010,102839,0.05,
E00601,Liam,Zhang,Director,Marketing,9/15/2021,199783,0.21,4/10/2022
E00602,Ian,Gutierrez,Sr. Business Partner,Human Resources,4/9/2021,70980,0,
E00603,David,Simmons,Manager,Marketing,1/26/1997,104431,0.07,
E00604,Lincoln,Henderson,Business Partner,Human Resources,6/27/2021,48510,0,
E00605,Nathan,Miller,Quality Engineer,Engineering,5/28/2019,70110,0,1/7/2021
E00606,James,Singh,Director,Marketing,3/12/2008,186138,0.28,
E00607,Kayden,Ortega,Analyst,Accounting,4/19/2010,56350,0,
E00608,Lucy,Figueroa,Sr. Manger,Finance,1/10/2016,149761,0.12,
E00609,Joshua,Cortez,Sr. Manger,Finance,8/11/2007,126277,0.13,
E00610,Alexander,Morris,Manager,Sales,6/21/2013,119631,0.06,
E00611,Grayson,Chin,Vice President,IT,5/9/2020,256561,0.39,
E00612,Allison,Espinoza,Solutions Architect,IT,4/16/2020,66958,0,
E00613,Naomi,Chu,Sr. Manger,Sales,2/29/2004,158897,0.1,
E00614,Jameson,Martin,Technical Architect,IT,2/15/2008,71695,0,
E00615,Sebastian,Gupta,Sr. Analyst,Marketing,9/22/2014,73779,0,5/9/2019
E00616,Eloise,Pham,Manager,Sales,10/20/2011,123640,0.07,
E00617,Valentina,Davis,Analyst,Sales,4/13/2014,46878,0,
E00618,Brooklyn,Daniels,Analyst,Marketing,2/10/2003,57032,0,
E00619,Paisley,Gomez,Sr. Analyst,Sales,10/2/2007,98150,0,
E00620,Madison,Li,Director,Marketing,3/6/2017,171426,0.15,9/22/2017
E00621,Everleigh,Simmons,Analyst,Finance,4/16/2021,48266,0,
E00622,Logan,Soto,Vice President,Finance,8/18/2018,223404,0.32,
E00623,Charlotte,Vo,System Administrator ,IT,1/10/2014,74854,0,
E00624,Alice,Thompson,Vice President,Accounting,4/25/2007,217783,0.36,
E00625,Peyton,Garza,Systems Analyst,IT,8/15/2004,44735,0,
E00626,Nora,Nelson,Analyst II,Finance,1/9/2007,50685,0,
E00627,Maverick,Li,Analyst II,Sales,3/10/2018,58993,0,
E00628,Ian,Barnes,Operations Engineer,Engineering,6/8/2020,115765,0,2/2/2021
E00629,Athena,Vu,Director,Accounting,3/6/2007,193044,0.15,
E00630,Ruby,Washington,Analyst,Marketing,6/17/2011,56686,0,6/9/2015
E00631,Bella,Butler,Sr. Manger,Finance,10/25/2019,131652,0.11,
E00632,Kinsley,Henry,Director,Marketing,2/29/2008,150577,0.25,
E00633,Kennedy,Romero,Engineering Manager,Engineering,12/27/2018,87359,0.11,
E00634,Zoe,Do,Analyst II,Sales,1/8/2014,51877,0,
E00635,Everett,Khan,Solutions Architect,IT,1/18/2017,86417,0,
E00636,Anna,Han,System Administrator ,IT,5/8/2003,96548,0,
E00637,Leilani,Sharma,Sr. Analyst,Accounting,1/23/2014,92940,0,
E00638,Jordan,Cho,Analyst II,Accounting,8/24/2018,61410,0,
E00639,Nova,Williams,Manager,Finance,4/25/2010,110302,0.06,
E00640,Scarlett,Hill,Director,Engineering,4/22/2018,187205,0.24,6/20/2022
E00641,Dominic,Scott,Sr. Analyst,Sales,3/16/2011,81687,0,
E00642,Anthony,Marquez,Vice President,IT,8/15/2009,241083,0.39,
E00643,Elena,Patterson,Vice President,Finance,11/9/2018,223805,0.36,
E00644,Madison,Nelson,Director,Accounting,7/16/2021,161759,0.16,
E00645,William,Walker,Computer Systems Manager,IT,2/24/2019,95899,0.1,3/8/2021
E00646,Lincoln,Wong,Sr. Analyst,Finance,6/7/2019,80700,0,
E00647,James,Huang,Manager,Human Resources,3/11/1997,128136,0.05,
E00648,Emery,Ford,Analyst II,Marketing,4/18/2017,58745,0,
E00649,Paisley,Trinh,Technical Architect,IT,5/4/1992,76202,0,12/18/1994
E00650,Hudson,Williams,Vice President,Sales,3/19/2018,195200,0.36,
E00651,Harper,Phan,Analyst II,Finance,12/7/2016,71454,0,
E00652,Madeline,Allen,Cloud Infrastructure Architect,IT,2/3/2020,94652,0,
E00653,Charles,Moore,Technical Architect,IT,2/16/2016,63411,0,
E00654,Lincoln,Fong,Analyst II,Sales,2/17/2020,67171,0,5/1/2021
E00655,Isla,Guzman,Sr. Manger,Accounting,7/6/2019,152036,0.15,
E00656,Hailey,Foster,Controls Engineer,Engineering,3/21/2021,95562,0,
E00657,Hudson,Hill,Sr. Analyst,Sales,11/4/2019,96092,0,
E00658,Wyatt,Li,Vice President,Engineering,6/3/2013,254289,0.39,
E00659,Maverick,Henry,Computer Systems Manager,IT,7/10/2019,69110,0.05,
E00660,Xavier,Jackson,Vice President,Marketing,6/11/2002,236314,0.34,
E00661,Christian,Medina,Analyst,Marketing,6/19/2007,45206,0,
E00662,Autumn,Leung,Vice President,Finance,11/15/2021,210708,0.33,
E00663,Robert,Vazquez,System Administrator ,IT,9/26/2021,87770,0,
E00664,Aria,Roberts,Manager,Accounting,8/12/2015,106858,0.05,
E00665,Axel,Johnson,Director,Human Resources,4/14/2015,155788,0.17,
E00666,Madeline,Garcia,Sr. Business Partner,Human Resources,4/26/2019,74891,0,
E00667,Christopher,Chung,Controls Engineer,Engineering,12/18/2021,95670,0,
E00668,Eliana,Turner,Account Representative,Sales,9/29/2000,67837,0,
E00669,Daniel,Shah,Analyst II,Sales,6/4/2010,72425,0,
E00670,Penelope,Gonzalez,Sr. Analyst,Sales,10/16/1994,93103,0,
E00671,Mila,Allen,Controls Engineer,Engineering,10/14/2015,76272,0,10/22/2021
E00672,Emilia,Chu,Analyst II,Finance,6/24/2003,55760,0,
E00673,Emily,Clark,Vice President,Accounting,1/13/2020,253294,0.4,
E00674,Roman,King,Analyst II,Finance,8/16/2007,58671,0,
E00675,Emery,Do,Account Representative,Sales,3/16/2018,55457,0,
E00676,Autumn,Thao,Account Representative,Sales,9/26/2017,72340,0,4/3/2019
E00677,Naomi,Coleman,Manager,Marketing,11/2/2016,122054,0.06,
E00678,Cora,Zheng,Director,IT,1/3/2018,167100,0.2,
E00679,Ayla,Daniels,Technical Architect,IT,4/23/1997,78153,0,
E00680,Allison,Daniels,Manager,Finance,4/14/2020,103524,0.09,
E00681,Mateo,Harris,Manager,IT,8/5/2017,119906,0.05,
E00682,Samantha,Rogers,Analyst,Marketing,1/17/2020,45061,0,
E00683,Julian,Lee,IT Systems Architect,IT,1/17/2003,91399,0,
E00684,Nicholas,Avila,Enterprise Architect,IT,9/28/2017,97336,0,
E00685,Hailey,Watson,Sr. Manger,Accounting,1/20/2017,124629,0.1,
E00686,Willow,Woods,Vice President,Human Resources,7/25/2021,231850,0.39,
E00687,Alexander,Gonzales,Manager,Accounting,6/4/2018,128329,0.08,
E00688,Aiden,Gonzales,Vice President,Marketing,3/28/2021,186033,0.34,
E00689,Joshua,Chin,Sr. Manger,Marketing,7/26/2021,121480,0.14,
E00690,Paisley,Hall,Director,Human Resources,5/21/2010,153275,0.24,
E00691,Allison,Leung,Sr. Analyst,Sales,5/18/2020,97830,0,
E00692,Hannah,Mejia,Vice President,Marketing,3/13/1999,,0.32,
E00693,Elizabeth,Huang,Analyst,Finance,9/20/2002,49738,0,
E00694,Abigail,Garza,Analyst,Accounting,5/27/2018,45049,0,
E00695,Raelynn,Lu,Director,Finance,5/26/2020,153628,0.29,12/12/2020
E00696,Charles,Luu,Sr. Manger,Sales,6/15/2021,142731,0.11,6/3/2022
E00697,Lydia,Espinoza,Sr. Manger,Marketing,5/15/2020,137106,0.12,
E00698,Adeline,Thao,Vice President,Finance,9/5/2007,183239,0.32,
E00699,Kinsley,Dixon,Analyst,Accounting,5/25/2019,45819,0,
E00700,Natalia,Vu,Analyst,Accounting,12/29/2006,55518,0,
E00701,Julia,Mai,Manager,Marketing,3/11/2012,108134,0.1,
E00702,Camila,Evans,Manager,Marketing,12/20/1992,113950,0.09,
E00703,Everly,Lai,Vice President,Marketing,4/1/1998,182035,0.3,
E00704,Adam,He,Director,Accounting,8/16/2017,181356,0.23,
E00705,Vivian,Hunter,Account Representative,Sales,8/21/2019,66084,0,
E00706,Lucy,Avila,Solutions Architect,IT,4/22/2010,76912,0,
E00707,Eliana,Li,Test Engineer,Engineering,5/7/2018,67987,0,
E00708,Logan,Mitchell,Analyst II,Marketing,8/20/2005,59833,0,
E00709,Dominic,Dinh,Sr. Manger,Marketing,4/11/2005,128468,0.11,
E00710,Lucas,Daniels,Manager,Sales,5/29/2011,102440,0.06,
E00711,Andrew,Holmes,Vice President,IT,12/30/2010,246619,0.36,
E00712,Julia,Sandoval,Manager,Human Resources,11/19/2017,101143,0.06,
E00713,Kennedy,Vargas,Business Partner,Human Resources,10/14/2005,51404,0,12/6/2009
E00714,Thomas,Williams,Field Engineer,Engineering,11/21/2015,87292,0,
E00715,Raelynn,Hong,Director,Marketing,12/11/2019,182321,0.28,
E00716,Eli,Reed,Systems Analyst,IT,2/27/2014,53929,0,12/22/2017
E00717,Lyla,Yoon,Vice President,Accounting,12/13/2012,191571,0.32,
E00718,Hannah,White,Sr. Manger,Accounting,1/30/2009,150555,0.13,
E00719,Theodore,Xi,Manager,Finance,10/5/2009,,0.07,
E00720,Ezra,Liang,Vice President,Finance,5/26/1997,216999,0.37,
E00721,Grayson,Yee,Manager,Human Resources,7/16/2015,110565,0.09,
E00722,Eli,Richardson,IT Coordinator,IT,4/19/2015,48762,0,
E00723,Audrey,Lee,Development Engineer,Engineering,2/11/2017,87036,0,
E00724,Jameson,Allen,Director,Marketing,11/28/2016,177443,0.16,
E00725,Eliza,Chen,Enterprise Architect,IT,4/29/2016,75862,0,
E00726,Lyla,Chen,Sr. Business Partner,Human Resources,4/26/2019,90870,0,
E00727,Emily,Doan,Engineering Manager,Engineering,12/4/2014,99202,0.11,
E00728,Jack,Mai,Sr. Analyst,Marketing,9/22/2007,92293,0,
E00729,Grayson,Turner,Solutions Architect,IT,6/30/1992,63196,0,10/26/2014
E00730,Ivy,Tang,Development Engineer,Engineering,5/3/2012,65340,0,5/9/2018
E00731,Robert,Zhang,Vice President,Marketing,9/24/2015,202680,0.32,8/17/2022
E00732,Eva,Alvarado,Computer Systems Manager,IT,4/24/2017,77461,0.09,
E00733,Abigail,Vang,Operations Engineer,Engineering,9/9/2016,109680,0,
E00734,Claire,Adams,Director,Sales,8/19/1997,159567,0.28,
E00735,Theodore,Marquez,Development Engineer,Engineering,11/24/2012,94407,0,
E00736,Hunter,Nunez,Vice President,Human Resources,8/16/2002,234594,0.33,
E00737,Charles,Henderson,Systems Analyst,IT,2/11/2002,43080,0,
E00738,Camila,Cortez,Manager,Marketing,5/9/2021,129541,0.08,5/24/2021
E00739,Aaron,Garza,Director,Sales,12/27/2013,165756,0.28,6/9/2020
E00740,Jose,Singh,Sr. Manger,Finance,4/6/2010,142878,0.12,
E00741,Gabriel,Joseph,Director,Engineering,10/28/2006,,0.28,
E00742,Natalia,Santos,Vice President,Human Resources,2/25/2019,249801,0.39,
E00743,Dylan,Wilson,Network Administrator,IT,9/27/2006,76505,0,4/8/2007
E00744,Robert,Alvarez,Service Desk Analyst,IT,10/21/2016,84297,0,
E00745,Samantha,Chavez,Sr. Analyst,Sales,1/9/2017,75769,0,7/17/2020
E00746,Samuel,Bailey,Vice President,Accounting,8/17/2013,235619,0.3,
E00747,Ezekiel,Delgado,Director,Engineering,2/7/2020,187187,0.18,
E00748,Benjamin,Ramirez,Network Engineer,IT,7/27/2005,68987,0,4/22/2006
E00749,Anthony,Carter,Director,Engineering,3/15/2007,155926,0.24,5/30/2008
E00750,Ethan,Tang,Sr. Analyst,Accounting,5/4/2016,93668,0,
E00751,Sebastian,Rogers,HRIS Analyst,Human Resources,11/29/2019,69647,0,4/20/2022
E00752,Miles,Thao,System Administrator ,IT,6/26/2003,63318,0,
E00753,William,Cao,Sr. Analyst,Marketing,2/12/2017,77629,0,
E00754,Leo,Hsu,Sr. Manger,Human Resources,11/22/2017,138808,0.15,
E00755,Avery,Grant,Enterprise Architect,IT,3/5/2014,88777,0,
E00756,Penelope,Fong,Director,Accounting,5/14/2004,186378,0.26,
E00757,Vivian,Thao,Quality Engineer,Engineering,4/23/2015,60017,0,
E00758,Eva,Estrada,Sr. Manger,Sales,7/24/2018,148991,0.12,
E00759,Emma,Luna,Field Engineer,Engineering,3/25/2008,97398,0,
E00760,Charlotte,Wu,Sr. Business Partner,Human Resources,5/2/2007,72805,0,
E00761,Vivian,Chu,Sr. Account Representative,Sales,1/17/2021,72131,0,
E00762,Jayden,Williams,Manager,Human Resources,12/26/1992,104668,0.08,
E00763,Amelia,Bell,Sr. Analyst,Sales,8/5/2017,89769,0,
E00764,Addison,Mehta,Manager,Sales,9/15/2018,127616,0.07,
E00765,Alexander,Jackson,Manager,Human Resources,7/9/2012,109883,0.07,
E00766,Everly,Lin,Business Partner,Human Resources,3/15/2021,47974,0,
E00767,Lyla,Stewart,Sr. Manger,IT,3/27/2015,120321,0.12,
E00768,Brooklyn,Ruiz,IT Coordinator,IT,8/10/2014,57446,0,
E00769,Skylar,Evans,Director,Accounting,6/4/2009,174099,0.26,
E00770,Lincoln,Huynh,Sr. Manger,Finance,2/8/2002,128703,0.13,
E00771,Hazel,Griffin,Field Engineer,Engineering,11/9/2015,65247,0,
E00772,Charles,Gonzalez,Quality Engineer,Engineering,9/28/2018,64247,0,
E00773,Leah,Patterson,Manager,Human Resources,6/11/2012,118253,0.08,
E00774,Avery,Sun,Operations Engineer,Engineering,3/11/2004,109422,0,
E00775,Isaac,Yoon,Manager,Human Resources,2/6/2019,126950,0.1,
E00776,Isabella,Bui,Enterprise Architect,IT,11/21/2014,97500,0,
E00777,Gabriel,Zhou,IT Coordinator,IT,1/17/2021,41844,0,
E00778,Jack,Vu,Analyst II,Accounting,2/10/2014,58875,0,
E00779,Valentina,Moua,Account Representative,Sales,11/10/2015,64204,0,4/20/2021
E00780,Quinn,Trinh,Analyst II,Sales,5/9/2010,67743,0,12/25/2014
E00781,Caroline,Nelson,Sr. Account Representative,Sales,7/30/1997,71677,0,
E00782,Miles,Dang,IT Coordinator,IT,9/24/2000,40063,0,
E00783,Leah,Bryant,IT Coordinator,IT,4/30/2004,40124,0,
E00784,Henry,Jung,Automation Engineer,Engineering,2/26/2018,103183,0,7/9/2021
E00785,Benjamin,Mai,System Administrator ,IT,6/15/1998,95239,0,
E00786,Anna,Han,Development Engineer,Engineering,11/9/2019,75012,0,
E00787,Ariana,Kim,Network Architect,IT,6/29/2014,96366,0,
E00788,Alice,Tran,Analyst,Marketing,7/29/2014,40897,0,
E00789,Hailey,Song,Manager,Finance,8/23/2016,124928,0.06,
E00790,Lydia,Morales,Manager,Finance,6/14/2013,108221,0.05,
E00791,Liam,Sanders,Sr. Business Partner,Human Resources,2/20/2007,75579,0,
E00792,Luke,Sanchez,Sr. Manger,Human Resources,12/27/2015,129903,0.13,
E00793,Grace,Sun,Director,Finance,4/17/2021,186870,0.2,
E00794,Ezra,Banks,Analyst II,Sales,4/23/2010,57531,0,
E00795,Jayden,Kang,Analyst,Finance,4/24/2011,55894,0,
E00796,Skylar,Shah,Field Engineer,Engineering,4/27/2012,72903,0,
E00797,Sebastian,Le,Analyst,Finance,11/9/2015,45369,0,
E00798,Luca,Nelson,Manager,Finance,6/15/2010,106578,0.09,
E00799,Riley,Ramirez,Sr. Business Partner,Human Resources,9/13/1999,92994,0,
E00800,Jaxon,Fong,Sr. Analyst,Sales,3/13/1997,83685,0,
E00801,Kayden,Jordan,Cloud Infrastructure Architect,IT,9/14/2010,99335,0,
E00802,Alexander,James,Sr. Manger,Human Resources,4/18/2013,131179,0.15,
E00803,Connor,Luu,Computer Systems Manager,IT,5/3/2016,73899,0.05,
E00804,Christopher,Lam,Vice President,Accounting,3/29/2013,252325,0.4,
E00805,Sophie,Owens,Analyst II,Finance,3/5/2015,52697,0,
E00806,Addison,Perez,Operations Engineer,Engineering,9/25/2020,,0,
E00807,Hadley,Dang,Vice President,Accounting,12/26/2021,243568,0.33,
E00808,Ethan,Mehta,Director,Sales,7/20/2001,199176,0.24,
E00809,Madison,Her,Technical Architect,IT,6/22/1996,82806,0,
E00810,Savannah,Singh,Director,Marketing,6/20/1997,,0.25,
E00811,Nevaeh,Hsu,Sr. Manger,Human Resources,4/14/2017,154956,0.13,
E00812,Jordan,Zhu,Sr. Manger,Marketing,1/29/2017,143970,0.12,12/9/2017
E00813,Jackson,Navarro,Director,Sales,9/25/2020,163143,0.28,
E00814,Sadie,Patterson,Sr. Analyst,Accounting,7/24/2020,89390,0,
E00815,Christopher,Butler,Network Architect,IT,10/5/2017,67468,0,
E00816,Penelope,Rodriguez,Engineering Manager,Engineering,3/12/2016,100810,0.12,
E00817,Emily,Lau,Sr. Analyst,Finance,3/18/2019,74779,0,
E00818,Sophie,Oh,Network Engineer,IT,11/9/2017,63985,0,
E00819,Chloe,Allen,Solutions Architect,IT,7/8/2004,77903,0,
E00820,Caleb,Nelson,Director,Marketing,6/12/2017,164396,0.29,
E00821,Oliver,Moua,IT Systems Architect,IT,6/28/2021,71234,0,
E00822,Wesley,Doan,Manager,Finance,4/19/2004,122487,0.08,
E00823,Nova,Hsu,Manager,Human Resources,1/3/2017,101870,0.1,
E00824,Levi,Moreno,Systems Analyst,IT,6/27/2020,40316,0,
E00825,Gianna,Ha,Manager,IT,2/8/2005,115145,0.05,
E00826,Lillian,Gonzales,Cloud Infrastructure Architect,IT,3/13/2009,62335,0,
E00827,Ezra,Singh,Analyst,Finance,5/10/2006,41561,0,
E00828,Audrey,Patel,Sr. Manger,Finance,4/24/2011,131183,0.14,3/16/2016
E00829,Brooklyn,Cho,Technical Architect,IT,7/8/2002,92655,0,
E00830,Piper,Ramos,Sr. Manger,Sales,4/2/1996,157057,0.12,
E00831,Eleanor,Williams,Enterprise Architect,IT,2/9/2005,64462,0,
E00832,Melody,Grant,Quality Engineer,Engineering,10/7/2005,79352,0,
E00833,Paisley,Sanders,Sr. Manger,Marketing,3/27/2001,157812,0.11,
E00834,Santiago,f,Quality Engineer,Engineering,9/11/2018,80745,0,
E00835,Josephine,Richardson,System Administrator ,IT,2/18/1996,75354,0,12/14/1996
E00836,Jaxson,Santiago,Engineering Manager,Engineering,9/20/2018,78938,0.14,
E00837,Lincoln,Ramos,Operations Engineer,Engineering,9/10/2008,96313,0,
E00838,Dylan,Campbell,Director,Engineering,11/29/2010,153767,0.27,
E00839,Olivia,Gray,Manager,Marketing,9/19/2015,103423,0.06,
E00840,Emery,Doan,Controls Engineer,Engineering,6/23/2021,86464,0,
E00841,Caroline,Perez,Controls Engineer,Engineering,1/14/2018,80516,0,
E00842,Genesis,Woods,Manager,Human Resources,8/21/2013,105390,0.06,
E00843,Ruby,Sun,Cloud Infrastructure Architect,IT,9/6/2021,83418,0,
E00844,Nevaeh,James,Solutions Architect,IT,11/3/2017,66660,0,
E00845,Parker,Sandoval,Manager,Human Resources,6/10/2015,101985,0.07,
E00846,Austin,Rojas,Vice President,Finance,12/5/2018,199504,0.3,
E00847,Vivian,Espinoza,Sr. Manger,Sales,10/5/2006,147966,0.11,5/23/2019
E00848,Cooper,Gupta,Business Partner,Human Resources,6/20/2014,41728,0,
E00849,Axel,Santos,Sr. Analyst,Accounting,2/17/2011,94422,0,
E00850,Samuel,Song,Director,Sales,6/29/2015,191026,0.16,
E00851,Aiden,Silva,Vice President,IT,11/29/2010,186725,0.32,
E00852,Eliana,Allen,Business Partner,Human Resources,8/20/2009,52800,0,
E00853,Grayson,James,Operations Engineer,Engineering,12/5/2010,113982,0,
E00854,Hailey,Yee,Account Representative,Sales,3/16/2021,56239,0,
E00855,Ian,Vargas,Analyst,Sales,3/2/2021,44732,0,
E00856,John,Trinh,Director,Marketing,6/26/2014,153961,0.25,
E00857,Sofia,Trinh,Network Architect,IT,12/18/2006,68337,0,
E00858,Santiago,f,Sr. Manger,Human Resources,5/7/2010,145093,0.12,
E00859,Layla,Collins,IT Systems Architect,IT,3/11/2021,74170,0,
E00860,Jaxon,Powell,Field Engineer,Engineering,3/29/1996,62605,0,
E00861,Naomi,Washington,Manager,IT,3/13/2020,107195,0.09,
E00862,Ryan,Holmes,Sr. Manger,Marketing,1/11/2018,127422,0.15,
E00863,Bella,Holmes,Director,Accounting,6/26/2017,161269,0.27,
E00864,Hailey,Sanchez,Vice President,Marketing,2/5/2014,203445,0.34,
E00865,Sofia,Yoon,Sr. Manger,Human Resources,1/17/2011,131353,0.11,
E00866,Eli,Rahman,Service Desk Analyst,IT,3/16/2010,88182,0,
E00867,Christopher,Howard,Enterprise Architect,IT,8/26/2019,75780,0,
E00868,Alice,Mehta,Analyst II,Sales,4/2/2019,52621,0,
E00869,Cooper,Yoon,Engineering Manager,Engineering,2/15/2018,106079,0.14,4/9/2021
E00870,John,Delgado,Cloud Infrastructure Architect,IT,2/11/2017,92058,0,
E00871,Jaxson,Liang,Field Engineer,Engineering,3/3/2019,67114,0,
E00872,Caroline,Santos,Analyst II,Finance,7/12/2020,56565,0,
E00873,Lily,Henderson,HRIS Analyst,Human Resources,5/20/2011,64937,0,
E00874,Hannah,Martinez,Manager,Marketing,9/7/2006,127626,0.1,
E00875,William,Phillips,Network Architect,IT,1/27/2004,88478,0,
E00876,Eliza,Zheng,Computer Systems Manager,IT,4/20/2014,91679,0.07,
E00877,John,Dang,Director,Sales,3/19/1992,199848,0.16,
E00878,Joshua,Yang,Network Engineer,IT,11/10/2018,61944,0,
E00879,Hazel,Young,Sr. Manger,Sales,8/13/2017,154624,0.15,
E00880,Thomas,Jung,Sr. Analyst,Accounting,10/23/2009,79447,0,
E00881,Xavier,Perez,Sr. Analyst,Sales,2/26/1998,71111,0,
E00882,Elijah,Coleman,Sr. Manger,Sales,10/19/2014,159538,0.11,
E00883,Clara,Sanchez,Controls Engineer,Engineering,10/2/2018,111404,0,
E00884,Isaac,Stewart,Director,Marketing,8/15/2020,172007,0.26,
E00885,Claire,Romero,Vice President,Marketing,7/21/2011,219474,0.36,
E00886,Andrew,Coleman,Director,Finance,5/15/2019,174415,0.23,
E00887,Riley,Rojas,Network Architect,IT,1/21/2021,90333,0,
E00888,Landon,Thao,HRIS Analyst,Human Resources,1/21/2021,67299,0,
E00889,Hadley,Ford,Systems Analyst,IT,2/23/2005,45286,0,
E00890,Austin,Brown,Director,Marketing,8/8/2007,194723,0.25,
E00891,Christian,Fong,Manager,Sales,8/10/2012,109850,0.07,2/4/2020
E00892,Hazel,Alvarez,Business Partner,Human Resources,4/19/2014,45295,0,
E00893,Isabella,Bailey,Network Administrator,IT,8/23/2010,61310,0,
E00894,Lincoln,Huynh,System Administrator ,IT,11/9/2016,87851,0,
E00895,Hadley,Yee,Business Partner,Human Resources,3/12/2018,47913,0,
E00896,Julia,Doan,Business Partner,Human Resources,9/7/2017,46727,0,5/31/2018
E00897,Dylan,Ali,Sr. Manger,Human Resources,4/16/2021,133400,0.11,
E00898,Eloise,Trinh,Solutions Architect,IT,4/22/2020,90535,0,
E00899,Dylan,Kumar,Sr. Analyst,Marketing,7/11/2006,93343,0,
E00900,Emily,Gupta,HRIS Analyst,Human Resources,2/23/2006,63705,0,
E00901,Silas,Rivera,Vice President,Sales,2/28/2000,,0.3,
E00902,Jackson,Jordan,Business Partner,Human Resources,9/21/2020,54654,0,
E00903,Isaac,Joseph,Analyst,Sales,9/24/1998,58006,0,
E00904,Hailey,Lai,Sr. Manger,Finance,3/18/2011,,0.12,
E00905,Leilani,Thao,Director,Human Resources,5/30/2007,,0.22,
E00906,Madeline,Watson,Account Representative,Sales,5/27/2009,62411,0,8/14/2021
E00907,Silas,Huang,Engineering Manager,Engineering,1/9/1992,111299,0.12,
E00908,Peyton,Walker,Analyst,Marketing,7/13/2019,41545,0,
E00909,Jeremiah,Hernandez,Network Engineer,IT,4/14/2019,74467,0,1/15/2021
E00910,Jace,Washington,Manager,Accounting,2/9/2002,117545,0.06,
E00911,Landon,Kim,Manager,Human Resources,3/15/2012,,0.08,
E00912,Peyton,Vasquez,Analyst,Accounting,1/24/2019,55767,0,
E00913,Charlotte,Baker,Analyst II,Sales,11/17/2016,60930,0,
E00914,Elena,Mendoza,Director,Sales,10/24/2018,,0.29,
E00915,Nova,Lin,Cloud Infrastructure Architect,IT,10/21/2017,,0,
E00916,Ivy,Desai,Controls Engineer,Engineering,4/9/2001,,0,
E00917,Josephine,Acosta,Director,Human Resources,9/20/2020,198176,0.17,
E00918,Nora,Nunez,Analyst II,Finance,8/6/2012,,0,
E00919,Caleb,Xiong,Sr. Account Representative,Sales,11/28/2011,,0,
E00920,Henry,Green,Sr. Account Representative,Sales,2/3/2020,,0,
E00921,Madelyn,Chan,Manager,Sales,5/21/2003,,0.05,
E00922,Angel,Delgado,Director,Finance,8/10/2017,156931,0.28,
E00923,Mia,Herrera,Director,Marketing,10/16/2014,171360,0.23,
E00924,Peyton,Harris,Enterprise Architect,IT,4/5/2009,64505,0,
E00925,David,Herrera,Engineering Manager,Engineering,10/9/2021,102298,0.13,
E00926,Avery,Dominguez,Sr. Manger,Sales,9/13/2019,,0.13,
E00927,Grace,Carter,Sr. Manger,Human Resources,3/17/2021,155080,0.1,
E00928,Parker,Allen,Sr. Analyst,Sales,8/13/2018,81828,0,
E00929,Sadie,Lee,Sr. Manger,Marketing,10/24/2000,149417,0.13,
E00930,Cooper,Valdez,Manager,Sales,4/25/2012,113269,0.09,
E00931,Sebastian,Fong,Sr. Manger,IT,12/16/2017,136716,0.12,
E00932,Roman,Munoz,Sr. Manger,Sales,10/20/2011,122644,0.12,
E00933,Charlotte,Chang,Manager,Sales,5/7/2000,,0.07,
E00934,Xavier,Davis,Vice President,Finance,1/17/2009,,0.31,
E00935,Natalie,Carter,Director,Finance,12/21/2012,153253,0.24,
E00936,Elena,Richardson,Manager,Accounting,10/3/2014,103707,0.09,
E00937,Emilia,Bailey,Vice President,Accounting,8/9/2012,245360,0.37,
E00938,Ryan,Lu,Development Engineer,Engineering,7/8/2021,67275,0,
E00939,Asher,Huynh,Manager,IT,1/22/2015,101288,0.1,
E00940,Kinsley,Martinez,Director,Human Resources,8/28/1993,177443,0.25,
E00941,Paisley,Bryant,Cloud Infrastructure Architect,IT,4/27/2016,91400,0,
E00942,Joshua,Ramirez,Vice President,Human Resources,9/10/2007,181247,0.33,
E00943,Joshua,Martin,Sr. Manger,Human Resources,10/20/2003,135558,0.14,
E00944,Charles,Moore,Analyst,Accounting,12/17/2011,56878,0,
E00945,Angel,Do,IT Systems Architect,IT,9/20/2019,94735,0,
E00946,Maverick,Medina,Analyst II,Sales,5/27/2007,51234,0,
E00947,Isaac,Han,Vice President,Human Resources,1/14/2015,230025,0.34,
E00948,Eliza,Liang,Sr. Manger,Human Resources,3/11/2010,134006,0.13,
E00949,Zoe,Zhou,Manager,Finance,10/6/2009,103096,0.07,
E00950,Nathan,Lee,Analyst,Accounting,8/20/2016,58703,0,
E00951,Elijah,Ramos,Sr. Manger,IT,12/24/2012,132544,0.1,
E00952,Jaxson,Coleman,Manager,Finance,4/15/2020,126671,0.09,
E00953,Hailey,Hong,Account Representative,Sales,1/22/2021,56405,0,
E00954,Gabriella,Zhu,Computer Systems Manager,IT,11/29/2014,88730,0.08,
E00955,Aaron,Maldonado,Analyst II,Finance,9/17/2008,62861,0,
E00956,Samantha,Vargas,Director,Human Resources,7/21/2006,151246,0.21,
E00957,Nora,Le,Sr. Manger,IT,4/12/1997,154388,0.1,
E00958,Alice,Roberts,Director,Human Resources,9/26/1994,162978,0.17,5/24/2004
E00959,Colton,Garcia,Solutions Architect,IT,11/17/1993,80170,0,
E00960,Stella,Lai,Sr. Analyst,Accounting,4/28/2021,98520,0,
E00961,Leonardo,Luong,Manager,Finance,12/29/1999,116527,0.07,
E00962,Nicholas,Wong,Director,Sales,11/7/2019,174607,0.29,
E00963,Jeremiah,Castillo,Analyst II,Accounting,4/12/2006,64202,0,
E00964,Cooper,Jiang,Analyst II,Accounting,7/25/2019,50883,0,3/2/2021
E00965,Penelope,Silva,Network Architect,IT,11/3/2016,94618,0,
E00966,Jose,Richardson,Director,Marketing,10/15/2019,151556,0.2,
E00967,Eleanor,Chau,Development Engineer,Engineering,3/8/2020,80659,0,
E00968,John,Cho,Director,Human Resources,11/3/2019,195385,0.21,
E00969,Julian,Delgado,Systems Analyst,IT,5/19/2016,52693,0,
E00970,Isabella,Scott,Network Administrator,IT,4/26/2016,72045,0,
E00971,Parker,Avila,Analyst II,Marketing,11/28/2005,62749,0,
E00972,Luke,Vu,Sr. Manger,Marketing,6/4/2018,154884,0.1,
E00973,Jameson,Nelson,Network Architect,IT,3/8/2016,96566,0,
E00974,Adrian,Fernandez,Systems Analyst,IT,8/23/2001,54994,0,
E00975,Madison,Hunter,Network Administrator,IT,2/5/2012,61523,0,
E00976,Jordan,Phillips,Vice President,Human Resources,12/12/2010,190512,0.32,
E00977,Maya,Chan,Controls Engineer,Engineering,2/13/2013,124827,0,
E00978,Wesley,King,Manager,Accounting,1/19/2019,101577,0.05,
E00979,Sofia,Fernandez,Manager,Accounting,10/17/2005,105223,0.1,
E00980,Maverick,Figueroa,IT Systems Architect,IT,7/6/2008,94815,0,
E00981,Hannah,Hoang,Manager,Accounting,12/15/2021,114893,0.06,
E00982,Violet,Garcia,Sr. Analyst,Marketing,1/10/2017,80622,0,
E00983,Aaliyah,Mai,Vice President,IT,11/11/2016,246589,0.33,3/26/2017
E00984,Austin,Vang,Manager,Marketing,5/20/2018,119397,0.09,3/14/2019
E00985,Maria,Sun,Director,Sales,12/19/2021,150666,0.23,
E00986,Madelyn,Scott,Sr. Manger,IT,1/9/2002,148035,0.14,
E00987,Dylan,Chin,Director,Finance,6/5/2017,158898,0.18,
E00988,Emery,Zhang,Field Engineer,Engineering,2/28/2012,89659,0,
E00989,Riley,Washington,Director,Sales,4/29/2007,171487,0.23,
E00990,Raelynn,Rios,Vice President,Sales,8/21/2016,258498,0.35,
E00991,Anthony,Hong,Sr. Manger,IT,11/29/2010,146961,0.11,
E00992,Leo,Herrera,Sr. Business Partner,Human Resources,4/22/1998,85369,0,11/27/2004
E00993,Robert,Wright,Technical Architect,IT,6/14/2015,67489,0,
E00994,Audrey,Richardson,Director,IT,10/6/2018,166259,0.17,
E00995,Scarlett,Kumar,Systems Analyst,IT,1/7/2009,47032,0,
E00996,Wesley,Young,Sr. Analyst,Marketing,9/18/2016,98427,0,
E00997,Lillian,Khan,Analyst,Finance,5/31/2010,47387,0,1/8/2018
E00998,Oliver,Yang,Director,Marketing,6/10/2019,176710,0.15,
E00999,Lily,Nguyen,Sr. Analyst,Finance,1/28/2012,95960,0,
E01000,Sofia,Cheng,Vice President,Accounting,7/26/2020,216195,0.31,
